Workbook
Name timing_check: 'support-tickets'!$L:$L

Sheet Queue_Priority_1
A3: Count of ticket_id | B3: Column Labels
A4: Row Labels | B4: high | C4: low | D4: normal | E4: urgent | F4: Grand Total
A5: account | B5: 0.23802164 | C5: 0.22411128 | D5: 0.47913447 | E5: 0.058732612 | F5: 1
A6: billing | B6: 0.22395833 | C6: 0.209375 | D6: 0.47916667 | E6: 0.0875 | F6: 1
A7: integrations | B7: 0.19619048 | C7: 0.20952381 | D7: 0.52952381 | E7: 0.064761905 | F7: 1
A8: onboarding | B8: 0.23037543 | C8: 0.20648464 | D8: 0.47269625 | E8: 0.090443686 | F8: 1
A9: technical | B9: 0.23088924 | C9: 0.22386895 | D9: 0.47581903 | E9: 0.069422777 | F9: 1
A10: Grand Total | B10: 0.22575 | C10: 0.216 | D10: 0.48375 | E10: 0.0745 | F10: 1

Sheet Data_Checks
A1: Check | B1: Record count | C1: Missing %
A2: First response | B2: 149 | C2: 0.0373
A3: Resolution timestamp | B3: 225 | C3: 0.0563
A4: Satisfaction score | B4: 2774 | C4: 0.6935
A5: Numeric opening timestamps | B5: =COUNT(SupportTickets[opened_at]) -> 4000
A6: Numeric resolution timestamps | B6: =COUNT(SupportTickets[resolved_at]) -> 3775
A7: Timing records needing review. | B7: =COUNTIF('support-tickets'!L2:L4001,"Review") -> 143
A8: Rows with repeated ticket IDs | B8: =COUNTIF('support-tickets'!M2:M4001,">1") -> 0
A9: Negative first-response times | B9: =COUNTIF('support-tickets'!G2:G4001,"<0") -> 0
A10: Negative resolution hours | B10: =COUNTIF('support-tickets'!K2:K4001,"<0") -> 0
A11: CSAT scores outside 1–5 | B11: =COUNTIF(SupportTickets[csat],"<1")+COUNTIF(SupportTickets[csat],">5") -> 0
A14: Check | B14: Formula | C14: Expected
A15: Usable response times | B15: =COUNT('support-tickets'!N2:N4001) -> 3708 | C15: 3708
A16: Usable resolution times | B16: =COUNT('support-tickets'!O2:O4001) -> 3632 | C16: 3632
A21: x

Sheet support-tickets
A1: ticket_id | B1: opened_at | C1: channel | D1: queue | E1: priority | F1: subject | G1: first_response_min | H1: resolved_at | I1: reopened | J1: csat | K1: resolution_hours | L1: timing_check | M1: id_count | N1: analysis_first_response_min | O1: analysis_resolution_hours
A2: TK62871 | B2: 44927.094 | C2: in-app | D2: onboarding | E2: high | F2: Error when log in after password reset | G2: 63 | H2: 44927.324 | I2: TRUE | K2: =IF(H2="","",(H2-B2)*24) -> 5.5263889 | L2: =IF(OR(G2="",K2=""),"Cannot check",IF(G2>K2*60,"Review","OK")) -> OK | M2: =COUNTIF($A$2:$A$4001,A2) -> 1 | N2: =IF(OR(L2="Review",G2=""),"",G2) -> 63 | O2: =IF(OR(L2="Review",K2=""),"",K2) -> 5.5263889
A3: TK60343 | B3: 44927.237 | C3: email | D3: technical | E3: normal | F3: Question about two-factor authentication | G3: 7 | H3: 44927.381 | I3: FALSE | K3: =IF(H3="","",(H3-B3)*24) -> 3.4494444 | L3: =IF(OR(G3="",K3=""),"Cannot check",IF(G3>K3*60,"Review","OK")) -> OK | M3: =COUNTIF($A$2:$A$4001,A3) -> 1 | N3: =IF(OR(L3="Review",G3=""),"",G3) -> 7 | O3: =IF(OR(L3="Review",K3=""),"",K3) -> 3.4494444
A4: TK62950 | B4: 44927.253 | C4: in-app | D4: billing | E4: urgent | F4: Unable to connecting the Snowflake sync | G4: 44 | H4: 44927.343 | I4: FALSE | K4: =IF(H4="","",(H4-B4)*24) -> 2.1566667 | L4: =IF(OR(G4="",K4=""),"Cannot check",IF(G4>K4*60,"Review","OK")) -> OK | M4: =COUNTIF($A$2:$A$4001,A4) -> 1 | N4: =IF(OR(L4="Review",G4=""),"",G4) -> 44 | O4: =IF(OR(L4="Review",K4=""),"",K4) -> 2.1566667
A5: TK61014 | B5: 44927.272 | C5: chat | D5: integrations | E5: normal | F5: Cannot connecting the Snowflake sync | G5: 98 | I5: FALSE | K5: =IF(H5="","",(H5-B5)*24) | L5: =IF(OR(G5="",K5=""),"Cannot check",IF(G5>K5*60,"Review","OK")) -> Cannot check | M5: =COUNTIF($A$2:$A$4001,A5) -> 1 | N5: =IF(OR(L5="Review",G5=""),"",G5) -> 98 | O5: =IF(OR(L5="Review",K5=""),"",K5)
A6: TK61679 | B6: 44927.338 | C6: chat | D6: onboarding | E6: high | F6: How do I a duplicate charge | G6: 14 | H6: 44927.394 | I6: FALSE | J6: 5 | K6: =IF(H6="","",(H6-B6)*24) -> 1.3525 | L6: =IF(OR(G6="",K6=""),"Cannot check",IF(G6>K6*60,"Review","OK")) -> OK | M6: =COUNTIF($A$2:$A$4001,A6) -> 1 | N6: =IF(OR(L6="Review",G6=""),"",G6) -> 14 | O6: =IF(OR(L6="Review",K6=""),"",K6) -> 1.3525
A7: TK62374 | B7: 44927.353 | C7: in-app | D7: billing | E7: normal | F7: Issue with connecting the Snowflake sync | G7: 416 | H7: 44928.097 | I7: FALSE | J7: 3 | K7: =IF(H7="","",(H7-B7)*24) -> 17.864722 | L7: =IF(OR(G7="",K7=""),"Cannot check",IF(G7>K7*60,"Review","OK")) -> OK | M7: =COUNTIF($A$2:$A$4001,A7) -> 1 | N7: =IF(OR(L7="Review",G7=""),"",G7) -> 416 | O7: =IF(OR(L7="Review",K7=""),"",K7) -> 17.864722
A8: TK60058 | B8: 44927.606 | C8: in-app | D8: onboarding | E8: low | F8: Issue with connecting the Snowflake sync | G8: 361 | H8: 44927.779 | I8: FALSE | K8: =IF(H8="","",(H8-B8)*24) -> 4.1694444 | L8: =IF(OR(G8="",K8=""),"Cannot check",IF(G8>K8*60,"Review","OK")) -> Review | M8: =COUNTIF($A$2:$A$4001,A8) -> 1 | N8: =IF(OR(L8="Review",G8=""),"",G8) | O8: =IF(OR(L8="Review",K8=""),"",K8)
A9: TK63175 | B9: 44927.681 | C9: email | D9: billing | E9: high | F9: Request to a refund for an annual plan | G9: 52 | H9: 44927.865 | I9: FALSE | K9: =IF(H9="","",(H9-B9)*24) -> 4.4213889 | L9: =IF(OR(G9="",K9=""),"Cannot check",IF(G9>K9*60,"Review","OK")) -> OK | M9: =COUNTIF($A$2:$A$4001,A9) -> 1 | N9: =IF(OR(L9="Review",G9=""),"",G9) -> 52 | O9: =IF(OR(L9="Review",K9=""),"",K9) -> 4.4213889
A10: TK60862 | B10: 44927.838 | C10: chat | D10: technical | E10: urgent | F10: Unable to export my data | G10: 28 | H10: 44932.025 | I10: FALSE | K10: =IF(H10="","",(H10-B10)*24) -> 100.5025 | L10: =IF(OR(G10="",K10=""),"Cannot check",IF(G10>K10*60,"Review","OK")) -> OK | M10: =COUNTIF($A$2:$A$4001,A10) -> 1 | N10: =IF(OR(L10="Review",G10=""),"",G10) -> 28 | O10: =IF(OR(L10="Review",K10=""),"",K10) -> 100.5025
A11: TK61273 | B11: 44927.908 | C11: in-app | D11: billing | E11: urgent | F11: Unable to log in after password reset | H11: 44928.093 | I11: FALSE | K11: =IF(H11="","",(H11-B11)*24) -> 4.4388889 | L11: =IF(OR(G11="",K11=""),"Cannot check",IF(G11>K11*60,"Review","OK")) -> Cannot check | M11: =COUNTIF($A$2:$A$4001,A11) -> 1 | N11: =IF(OR(L11="Review",G11=""),"",G11) | O11: =IF(OR(L11="Review",K11=""),"",K11) -> 4.4388889
A12: TK60338 | B12: 44927.923 | C12: in-app | D12: integrations | E12: low | F12: Error when a duplicate charge | G12: 243 | H12: 44943.552 | I12: FALSE | K12: =IF(H12="","",(H12-B12)*24) -> 375.09028 | L12: =IF(OR(G12="",K12=""),"Cannot check",IF(G12>K12*60,"Review","OK")) -> OK | M12: =COUNTIF($A$2:$A$4001,A12) -> 1 | N12: =IF(OR(L12="Review",G12=""),"",G12) -> 243 | O12: =IF(OR(L12="Review",K12=""),"",K12) -> 375.09028
A13: TK62094 | B13: 44927.949 | C13: phone | D13: integrations | E13: high | F13: Question about downgrade my plan | G13: 19 | H13: 44928.919 | I13: TRUE | J13: 4 | K13: =IF(H13="","",(H13-B13)*24) -> 23.278333 | L13: =IF(OR(G13="",K13=""),"Cannot check",IF(G13>K13*60,"Review","OK")) -> OK | M13: =COUNTIF($A$2:$A$4001,A13) -> 1 | N13: =IF(OR(L13="Review",G13=""),"",G13) -> 19 | O13: =IF(OR(L13="Review",K13=""),"",K13) -> 23.278333
A14: TK61700 | B14: 44927.963 | C14: chat | D14: onboarding | E14: normal | F14: Error when downgrade my plan | G14: 109 | H14: 44928.571 | I14: FALSE | K14: =IF(H14="","",(H14-B14)*24) -> 14.589444 | L14: =IF(OR(G14="",K14=""),"Cannot check",IF(G14>K14*60,"Review","OK")) -> OK | M14: =COUNTIF($A$2:$A$4001,A14) -> 1 | N14: =IF(OR(L14="Review",G14=""),"",G14) -> 109 | O14: =IF(OR(L14="Review",K14=""),"",K14) -> 14.589444
A15: TK60629 | B15: 44928.021 | C15: phone | D15: technical | E15: normal | F15: Cannot the invoice for last month | G15: 135 | H15: 44932.013 | I15: FALSE | J15: 4 | K15: =IF(H15="","",(H15-B15)*24) -> 95.806944 | L15: =IF(OR(G15="",K15=""),"Cannot check",IF(G15>K15*60,"Review","OK")) -> OK | M15: =COUNTIF($A$2:$A$4001,A15) -> 1 | N15: =IF(OR(L15="Review",G15=""),"",G15) -> 135 | O15: =IF(OR(L15="Review",K15=""),"",K15) -> 95.806944
A16: TK61804 | B16: 44928.022 | C16: in-app | D16: technical | E16: low | F16: Request to downgrade my plan | G16: 34 | H16: 44935.485 | I16: TRUE | J16: 3 | K16: =IF(H16="","",(H16-B16)*24) -> 179.10972 | L16: =IF(OR(G16="",K16=""),"Cannot check",IF(G16>K16*60,"Review","OK")) -> OK | M16: =COUNTIF($A$2:$A$4001,A16) -> 1 | N16: =IF(OR(L16="Review",G16=""),"",G16) -> 34 | O16: =IF(OR(L16="Review",K16=""),"",K16) -> 179.10972
A17: TK63544 | B17: 44928.157 | C17: phone | D17: billing | E17: normal | F17: Question about the dashboard loading slowly | G17: 175 | H17: 44930.96 | I17: FALSE | K17: =IF(H17="","",(H17-B17)*24) -> 67.267222 | L17: =IF(OR(G17="",K17=""),"Cannot check",IF(G17>K17*60,"Review","OK")) -> OK | M17: =COUNTIF($A$2:$A$4001,A17) -> 1 | N17: =IF(OR(L17="Review",G17=""),"",G17) -> 175 | O17: =IF(OR(L17="Review",K17=""),"",K17) -> 67.267222
A18: TK60702 | B18: 44928.226 | C18: in-app | D18: billing | E18: normal | F18: Request to export my data | G18: 41 | H18: 44934.311 | I18: FALSE | K18: =IF(H18="","",(H18-B18)*24) -> 146.04111 | L18: =IF(OR(G18="",K18=""),"Cannot check",IF(G18>K18*60,"Review","OK")) -> OK | M18: =COUNTIF($A$2:$A$4001,A18) -> 1 | N18: =IF(OR(L18="Review",G18=""),"",G18) -> 41 | O18: =IF(OR(L18="Review",K18=""),"",K18) -> 146.04111
A19: TK63194 | B19: 44928.308 | C19: chat | D19: integrations | E19: normal | F19: Issue with connecting the Snowflake sync | G19: 16 | H19: 44928.921 | I19: FALSE | K19: =IF(H19="","",(H19-B19)*24) -> 14.718333 | L19: =IF(OR(G19="",K19=""),"Cannot check",IF(G19>K19*60,"Review","OK")) -> OK | M19: =COUNTIF($A$2:$A$4001,A19) -> 1 | N19: =IF(OR(L19="Review",G19=""),"",G19) -> 16 | O19: =IF(OR(L19="Review",K19=""),"",K19) -> 14.718333
A20: TK60986 | B20: 44928.412 | C20: chat | D20: onboarding | E20: normal | F20: Issue with add a teammate | G20: 125 | H20: 44931.054 | I20: FALSE | J20: 5 | K20: =IF(H20="","",(H20-B20)*24) -> 63.415 | L20: =IF(OR(G20="",K20=""),"Cannot check",IF(G20>K20*60,"Review","OK")) -> OK | M20: =COUNTIF($A$2:$A$4001,A20) -> 1 | N20: =IF(OR(L20="Review",G20=""),"",G20) -> 125 | O20: =IF(OR(L20="Review",K20=""),"",K20) -> 63.415
A21: TK60718 | B21: 44928.859 | C21: email | D21: account | E21: low | F21: Unable to a duplicate charge | G21: 127 | H21: 44930.399 | I21: FALSE | J21: 2 | K21: =IF(H21="","",(H21-B21)*24) -> 36.964722 | L21: =IF(OR(G21="",K21=""),"Cannot check",IF(G21>K21*60,"Review","OK")) -> OK | M21: =COUNTIF($A$2:$A$4001,A21) -> 1 | N21: =IF(OR(L21="Review",G21=""),"",G21) -> 127 | O21: =IF(OR(L21="Review",K21=""),"",K21) -> 36.964722
A22: TK62105 | B22: 44928.88 | C22: email | D22: account | E22: urgent | F22: Question about webhook deliveries failing | G22: 32 | H22: 44929.286 | I22: FALSE | J22: 3 | K22: =IF(H22="","",(H22-B22)*24) -> 9.7386111 | L22: =IF(OR(G22="",K22=""),"Cannot check",IF(G22>K22*60,"Review","OK")) -> OK | M22: =COUNTIF($A$2:$A$4001,A22) -> 1 | N22: =IF(OR(L22="Review",G22=""),"",G22) -> 32 | O22: =IF(OR(L22="Review",K22=""),"",K22) -> 9.7386111
A23: TK61752 | B23: 44928.894 | C23: in-app | D23: billing | E23: urgent | F23: Issue with a duplicate charge | G23: 9 | H23: 44929.539 | I23: FALSE | J23: 4 | K23: =IF(H23="","",(H23-B23)*24) -> 15.471667 | L23: =IF(OR(G23="",K23=""),"Cannot check",IF(G23>K23*60,"Review","OK")) -> OK | M23: =COUNTIF($A$2:$A$4001,A23) -> 1 | N23: =IF(OR(L23="Review",G23=""),"",G23) -> 9 | O23: =IF(OR(L23="Review",K23=""),"",K23) -> 15.471667
A24: TK63566 | B24: 44928.931 | C24: chat | D24: onboarding | E24: normal | F24: Issue with the dashboard loading slowly | G24: 58 | H24: 44929.346 | I24: TRUE | K24: =IF(H24="","",(H24-B24)*24) -> 9.9808333 | L24: =IF(OR(G24="",K24=""),"Cannot check",IF(G24>K24*60,"Review","OK")) -> OK | M24: =COUNTIF($A$2:$A$4001,A24) -> 1 | N24: =IF(OR(L24="Review",G24=""),"",G24) -> 58 | O24: =IF(OR(L24="Review",K24=""),"",K24) -> 9.9808333
A25: TK63266 | B25: 44929.026 | C25: email | D25: technical | E25: normal | F25: Request to the invoice for last month | G25: 46 | H25: 44929.494 | I25: FALSE | K25: =IF(H25="","",(H25-B25)*24) -> 11.223611 | L25: =IF(OR(G25="",K25=""),"Cannot check",IF(G25>K25*60,"Review","OK")) -> OK | M25: =COUNTIF($A$2:$A$4001,A25) -> 1 | N25: =IF(OR(L25="Review",G25=""),"",G25) -> 46 | O25: =IF(OR(L25="Review",K25=""),"",K25) -> 11.223611
A26: TK62379 | B26: 44929.03 | C26: chat | D26: account | E26: high | F26: Issue with the API rate limit | G26: 4 | H26: 44929.412 | I26: FALSE | K26: =IF(H26="","",(H26-B26)*24) -> 9.1636111 | L26: =IF(OR(G26="",K26=""),"Cannot check",IF(G26>K26*60,"Review","OK")) -> OK | M26: =COUNTIF($A$2:$A$4001,A26) -> 1 | N26: =IF(OR(L26="Review",G26=""),"",G26) -> 4 | O26: =IF(OR(L26="Review",K26=""),"",K26) -> 9.1636111
A27: TK63201 | B27: 44929.174 | C27: phone | D27: account | E27: normal | F27: How do I log in after password reset | G27: 47 | I27: FALSE | K27: =IF(H27="","",(H27-B27)*24) | L27: =IF(OR(G27="",K27=""),"Cannot check",IF(G27>K27*60,"Review","OK")) -> Cannot check | M27: =COUNTIF($A$2:$A$4001,A27) -> 1 | N27: =IF(OR(L27="Review",G27=""),"",G27) -> 47 | O27: =IF(OR(L27="Review",K27=""),"",K27)
A28: TK63493 | B28: 44929.2 | C28: chat | D28: account | E28: normal | F28: Unable to the invoice for last month | G28: 78 | H28: 44930.417 | I28: FALSE | K28: =IF(H28="","",(H28-B28)*24) -> 29.196389 | L28: =IF(OR(G28="",K28=""),"Cannot check",IF(G28>K28*60,"Review","OK")) -> OK | M28: =COUNTIF($A$2:$A$4001,A28) -> 1 | N28: =IF(OR(L28="Review",G28=""),"",G28) -> 78 | O28: =IF(OR(L28="Review",K28=""),"",K28) -> 29.196389
A29: TK61552 | B29: 44929.372 | C29: in-app | D29: technical | E29: normal | F29: Request to webhook deliveries failing | G29: 285 | H29: 44930.517 | I29: TRUE | K29: =IF(H29="","",(H29-B29)*24) -> 27.467222 | L29: =IF(OR(G29="",K29=""),"Cannot check",IF(G29>K29*60,"Review","OK")) -> OK | M29: =COUNTIF($A$2:$A$4001,A29) -> 1 | N29: =IF(OR(L29="Review",G29=""),"",G29) -> 285 | O29: =IF(OR(L29="Review",K29=""),"",K29) -> 27.467222
A30: TK62963 | B30: 44929.424 | C30: chat | D30: account | E30: high | F30: How do I the API rate limit | G30: 19 | H30: 44929.758 | I30: FALSE | K30: =IF(H30="","",(H30-B30)*24) -> 8.01 | L30: =IF(OR(G30="",K30=""),"Cannot check",IF(G30>K30*60,"Review","OK")) -> OK | M30: =COUNTIF($A$2:$A$4001,A30) -> 1 | N30: =IF(OR(L30="Review",G30=""),"",G30) -> 19 | O30: =IF(OR(L30="Review",K30=""),"",K30) -> 8.01
A31: TK61844 | B31: 44929.434 | C31: chat | D31: billing | E31: high | F31: Error when export my data | G31: 32 | H31: 44929.509 | I31: FALSE | K31: =IF(H31="","",(H31-B31)*24) -> 1.8075 | L31: =IF(OR(G31="",K31=""),"Cannot check",IF(G31>K31*60,"Review","OK")) -> OK | M31: =COUNTIF($A$2:$A$4001,A31) -> 1 | N31: =IF(OR(L31="Review",G31=""),"",G31) -> 32 | O31: =IF(OR(L31="Review",K31=""),"",K31) -> 1.8075
A32: TK62478 | B32: 44929.45 | C32: email | D32: billing | E32: normal | F32: How do I the API rate limit | G32: 103 | H32: 44930.163 | I32: FALSE | K32: =IF(H32="","",(H32-B32)*24) -> 17.123611 | L32: =IF(OR(G32="",K32=""),"Cannot check",IF(G32>K32*60,"Review","OK")) -> OK | M32: =COUNTIF($A$2:$A$4001,A32) -> 1 | N32: =IF(OR(L32="Review",G32=""),"",G32) -> 103 | O32: =IF(OR(L32="Review",K32=""),"",K32) -> 17.123611
A33: TK60108 | B33: 44929.464 | C33: email | D33: billing | E33: low | F33: Error when export my data | G33: 137 | H33: 44931.376 | I33: FALSE | J33: 5 | K33: =IF(H33="","",(H33-B33)*24) -> 45.9025 | L33: =IF(OR(G33="",K33=""),"Cannot check",IF(G33>K33*60,"Review","OK")) -> OK | M33: =COUNTIF($A$2:$A$4001,A33) -> 1 | N33: =IF(OR(L33="Review",G33=""),"",G33) -> 137 | O33: =IF(OR(L33="Review",K33=""),"",K33) -> 45.9025
A34: TK63111 | B34: 44929.54 | C34: chat | D34: technical | E34: high | F34: Error when a refund for an annual plan | G34: 19 | H34: 44930.433 | I34: FALSE | K34: =IF(H34="","",(H34-B34)*24) -> 21.433611 | L34: =IF(OR(G34="",K34=""),"Cannot check",IF(G34>K34*60,"Review","OK")) -> OK | M34: =COUNTIF($A$2:$A$4001,A34) -> 1 | N34: =IF(OR(L34="Review",G34=""),"",G34) -> 19 | O34: =IF(OR(L34="Review",K34=""),"",K34) -> 21.433611
A35: TK61543 | B35: 44929.544 | C35: in-app | D35: technical | E35: normal | F35: Cannot the API rate limit | G35: 368 | H35: 44929.83 | I35: FALSE | J35: 4 | K35: =IF(H35="","",(H35-B35)*24) -> 6.8466667 | L35: =IF(OR(G35="",K35=""),"Cannot check",IF(G35>K35*60,"Review","OK")) -> OK | M35: =COUNTIF($A$2:$A$4001,A35) -> 1 | N35: =IF(OR(L35="Review",G35=""),"",G35) -> 368 | O35: =IF(OR(L35="Review",K35=""),"",K35) -> 6.8466667
A36: TK61064 | B36: 44929.56 | C36: phone | D36: technical | E36: normal | F36: Request to a duplicate charge | G36: 106 | H36: 44930.613 | I36: FALSE | J36: 4 | K36: =IF(H36="","",(H36-B36)*24) -> 25.255833 | L36: =IF(OR(G36="",K36=""),"Cannot check",IF(G36>K36*60,"Review","OK")) -> OK | M36: =COUNTIF($A$2:$A$4001,A36) -> 1 | N36: =IF(OR(L36="Review",G36=""),"",G36) -> 106 | O36: =IF(OR(L36="Review",K36=""),"",K36) -> 25.255833
A37: TK62588 | B37: 44929.576 | C37: email | D37: account | E37: low | F37: Unable to two-factor authentication | G37: 98 | H37: 44932.826 | I37: FALSE | K37: =IF(H37="","",(H37-B37)*24) -> 77.998889 | L37: =IF(OR(G37="",K37=""),"Cannot check",IF(G37>K37*60,"Review","OK")) -> OK | M37: =COUNTIF($A$2:$A$4001,A37) -> 1 | N37: =IF(OR(L37="Review",G37=""),"",G37) -> 98 | O37: =IF(OR(L37="Review",K37=""),"",K37) -> 77.998889
A38: TK62293 | B38: 44929.718 | C38: email | D38: account | E38: low | F38: Question about a duplicate charge | G38: 221 | H38: 44930.891 | I38: FALSE | K38: =IF(H38="","",(H38-B38)*24) -> 28.161944 | L38: =IF(OR(G38="",K38=""),"Cannot check",IF(G38>K38*60,"Review","OK")) -> OK | M38: =COUNTIF($A$2:$A$4001,A38) -> 1 | N38: =IF(OR(L38="Review",G38=""),"",G38) -> 221 | O38: =IF(OR(L38="Review",K38=""),"",K38) -> 28.161944
A39: TK61772 | B39: 44929.73 | C39: chat | D39: integrations | E39: normal | F39: Request to connecting the Snowflake sync | G39: 30 | H39: 44930.795 | I39: FALSE | K39: =IF(H39="","",(H39-B39)*24) -> 25.5525 | L39: =IF(OR(G39="",K39=""),"Cannot check",IF(G39>K39*60,"Review","OK")) -> OK | M39: =COUNTIF($A$2:$A$4001,A39) -> 1 | N39: =IF(OR(L39="Review",G39=""),"",G39) -> 30 | O39: =IF(OR(L39="Review",K39=""),"",K39) -> 25.5525
A40: TK63162 | B40: 44929.738 | C40: email | D40: technical | E40: normal | F40: Issue with downgrade my plan | G40: 204 | H40: 44938.744 | I40: FALSE | K40: =IF(H40="","",(H40-B40)*24) -> 216.14861 | L40: =IF(OR(G40="",K40=""),"Cannot check",IF(G40>K40*60,"Review","OK")) -> OK | M40: =COUNTIF($A$2:$A$4001,A40) -> 1 | N40: =IF(OR(L40="Review",G40=""),"",G40) -> 204 | O40: =IF(OR(L40="Review",K40=""),"",K40) -> 216.14861
A41: TK60741 | B41: 44929.785 | C41: in-app | D41: account | E41: high | F41: Unable to webhook deliveries failing | G41: 31 | H41: 44929.953 | I41: FALSE | K41: =IF(H41="","",(H41-B41)*24) -> 4.0330556 | L41: =IF(OR(G41="",K41=""),"Cannot check",IF(G41>K41*60,"Review","OK")) -> OK | M41: =COUNTIF($A$2:$A$4001,A41) -> 1 | N41: =IF(OR(L41="Review",G41=""),"",G41) -> 31 | O41: =IF(OR(L41="Review",K41=""),"",K41) -> 4.0330556
A42: TK61715 | B42: 44929.787 | C42: chat | D42: billing | E42: normal | F42: Question about a refund for an annual plan | G42: 215 | H42: 44931.033 | I42: FALSE | K42: =IF(H42="","",(H42-B42)*24) -> 29.891944 | L42: =IF(OR(G42="",K42=""),"Cannot check",IF(G42>K42*60,"Review","OK")) -> OK | M42: =COUNTIF($A$2:$A$4001,A42) -> 1 | N42: =IF(OR(L42="Review",G42=""),"",G42) -> 215 | O42: =IF(OR(L42="Review",K42=""),"",K42) -> 29.891944
A43: TK63727 | B43: 44929.805 | C43: in-app | D43: account | E43: high | F43: Question about the API rate limit | G43: 96 | H43: 44930.198 | I43: FALSE | K43: =IF(H43="","",(H43-B43)*24) -> 9.4291667 | L43: =IF(OR(G43="",K43=""),"Cannot check",IF(G43>K43*60,"Review","OK")) -> OK | M43: =COUNTIF($A$2:$A$4001,A43) -> 1 | N43: =IF(OR(L43="Review",G43=""),"",G43) -> 96 | O43: =IF(OR(L43="Review",K43=""),"",K43) -> 9.4291667
A44: TK63763 | B44: 44929.805 | C44: in-app | D44: technical | E44: normal | F44: How do I connecting the Snowflake sync | G44: 36 | H44: 44937.011 | I44: FALSE | K44: =IF(H44="","",(H44-B44)*24) -> 172.95667 | L44: =IF(OR(G44="",K44=""),"Cannot check",IF(G44>K44*60,"Review","OK")) -> OK | M44: =COUNTIF($A$2:$A$4001,A44) -> 1 | N44: =IF(OR(L44="Review",G44=""),"",G44) -> 36 | O44: =IF(OR(L44="Review",K44=""),"",K44) -> 172.95667
A45: TK61327 | B45: 44929.81 | C45: phone | D45: technical | E45: normal | F45: Question about add a teammate | G45: 145 | H45: 44932.747 | I45: FALSE | J45: 5 | K45: =IF(H45="","",(H45-B45)*24) -> 70.483056 | L45: =IF(OR(G45="",K45=""),"Cannot check",IF(G45>K45*60,"Review","OK")) -> OK | M45: =COUNTIF($A$2:$A$4001,A45) -> 1 | N45: =IF(OR(L45="Review",G45=""),"",G45) -> 145 | O45: =IF(OR(L45="Review",K45=""),"",K45) -> 70.483056
A46: TK62473 | B46: 44929.82 | C46: email | D46: account | E46: normal | F46: Error when add a teammate | H46: 44931.067 | I46: FALSE | J46: 4 | K46: =IF(H46="","",(H46-B46)*24) -> 29.933889 | L46: =IF(OR(G46="",K46=""),"Cannot check",IF(G46>K46*60,"Review","OK")) -> Cannot check | M46: =COUNTIF($A$2:$A$4001,A46) -> 1 | N46: =IF(OR(L46="Review",G46=""),"",G46) | O46: =IF(OR(L46="Review",K46=""),"",K46) -> 29.933889
A47: TK63626 | B47: 44929.855 | C47: phone | D47: onboarding | E47: normal | F47: Issue with a refund for an annual plan | G47: 192 | H47: 44930.431 | I47: FALSE | K47: =IF(H47="","",(H47-B47)*24) -> 13.8225 | L47: =IF(OR(G47="",K47=""),"Cannot check",IF(G47>K47*60,"Review","OK")) -> OK | M47: =COUNTIF($A$2:$A$4001,A47) -> 1 | N47: =IF(OR(L47="Review",G47=""),"",G47) -> 192 | O47: =IF(OR(L47="Review",K47=""),"",K47) -> 13.8225
A48: TK61368 | B48: 44929.93 | C48: in-app | D48: billing | E48: low | F48: Issue with two-factor authentication | G48: 207 | H48: 44932.867 | I48: FALSE | K48: =IF(H48="","",(H48-B48)*24) -> 70.501111 | L48: =IF(OR(G48="",K48=""),"Cannot check",IF(G48>K48*60,"Review","OK")) -> OK | M48: =COUNTIF($A$2:$A$4001,A48) -> 1 | N48: =IF(OR(L48="Review",G48=""),"",G48) -> 207 | O48: =IF(OR(L48="Review",K48=""),"",K48) -> 70.501111
A49: TK62973 | B49: 44929.979 | C49: email | D49: onboarding | E49: urgent | F49: Cannot the dashboard loading slowly | G49: 113 | H49: 44931.519 | I49: FALSE | J49: 4 | K49: =IF(H49="","",(H49-B49)*24) -> 36.965278 | L49: =IF(OR(G49="",K49=""),"Cannot check",IF(G49>K49*60,"Review","OK")) -> OK | M49: =COUNTIF($A$2:$A$4001,A49) -> 1 | N49: =IF(OR(L49="Review",G49=""),"",G49) -> 113 | O49: =IF(OR(L49="Review",K49=""),"",K49) -> 36.965278
A50: TK60698 | B50: 44929.999 | C50: chat | D50: technical | E50: low | F50: Cannot a duplicate charge | G50: 470 | H50: 44931.902 | I50: FALSE | J50: 3 | K50: =IF(H50="","",(H50-B50)*24) -> 45.663056 | L50: =IF(OR(G50="",K50=""),"Cannot check",IF(G50>K50*60,"Review","OK")) -> OK | M50: =COUNTIF($A$2:$A$4001,A50) -> 1 | N50: =IF(OR(L50="Review",G50=""),"",G50) -> 470 | O50: =IF(OR(L50="Review",K50=""),"",K50) -> 45.663056
A51: TK60483 | B51: 44930.073 | C51: in-app | D51: technical | E51: low | F51: Error when two-factor authentication | G51: 79 | H51: 44950.614 | I51: FALSE | J51: 4 | K51: =IF(H51="","",(H51-B51)*24) -> 492.98639 | L51: =IF(OR(G51="",K51=""),"Cannot check",IF(G51>K51*60,"Review","OK")) -> OK | M51: =COUNTIF($A$2:$A$4001,A51) -> 1 | N51: =IF(OR(L51="Review",G51=""),"",G51) -> 79 | O51: =IF(OR(L51="Review",K51=""),"",K51) -> 492.98639
A52: TK63172 | B52: 44930.09 | C52: chat | D52: billing | E52: low | F52: Cannot export my data | G52: 151 | H52: 44932.102 | I52: FALSE | J52: 5 | K52: =IF(H52="","",(H52-B52)*24) -> 48.281944 | L52: =IF(OR(G52="",K52=""),"Cannot check",IF(G52>K52*60,"Review","OK")) -> OK | M52: =COUNTIF($A$2:$A$4001,A52) -> 1 | N52: =IF(OR(L52="Review",G52=""),"",G52) -> 151 | O52: =IF(OR(L52="Review",K52=""),"",K52) -> 48.281944
A53: TK61922 | B53: 44930.133 | C53: phone | D53: onboarding | E53: normal | F53: Cannot connecting the Snowflake sync | G53: 113 | H53: 44930.647 | I53: FALSE | K53: =IF(H53="","",(H53-B53)*24) -> 12.337222 | L53: =IF(OR(G53="",K53=""),"Cannot check",IF(G53>K53*60,"Review","OK")) -> OK | M53: =COUNTIF($A$2:$A$4001,A53) -> 1 | N53: =IF(OR(L53="Review",G53=""),"",G53) -> 113 | O53: =IF(OR(L53="Review",K53=""),"",K53) -> 12.337222
A54: TK61355 | B54: 44930.221 | C54: chat | D54: integrations | E54: normal | F54: Question about the API rate limit | G54: 21 | H54: 44930.939 | I54: FALSE | K54: =IF(H54="","",(H54-B54)*24) -> 17.240556 | L54: =IF(OR(G54="",K54=""),"Cannot check",IF(G54>K54*60,"Review","OK")) -> OK | M54: =COUNTIF($A$2:$A$4001,A54) -> 1 | N54: =IF(OR(L54="Review",G54=""),"",G54) -> 21 | O54: =IF(OR(L54="Review",K54=""),"",K54) -> 17.240556
A55: TK63785 | B55: 44930.412 | C55: email | D55: account | E55: low | F55: Cannot a duplicate charge | G55: 81 | H55: 44934.09 | I55: FALSE | K55: =IF(H55="","",(H55-B55)*24) -> 88.260556 | L55: =IF(OR(G55="",K55=""),"Cannot check",IF(G55>K55*60,"Review","OK")) -> OK | M55: =COUNTIF($A$2:$A$4001,A55) -> 1 | N55: =IF(OR(L55="Review",G55=""),"",G55) -> 81 | O55: =IF(OR(L55="Review",K55=""),"",K55) -> 88.260556
A56: TK60846 | B56: 44930.45 | C56: email | D56: onboarding | E56: high | F56: Request to the invoice for last month | G56: 31 | H56: 44930.607 | I56: FALSE | K56: =IF(H56="","",(H56-B56)*24) -> 3.7583333 | L56: =IF(OR(G56="",K56=""),"Cannot check",IF(G56>K56*60,"Review","OK")) -> OK | M56: =COUNTIF($A$2:$A$4001,A56) -> 1 | N56: =IF(OR(L56="Review",G56=""),"",G56) -> 31 | O56: =IF(OR(L56="Review",K56=""),"",K56) -> 3.7583333
A57: TK61514 | B57: 44930.528 | C57: email | D57: technical | E57: low | F57: Cannot a duplicate charge | G57: 44 | H57: 44931.878 | I57: FALSE | K57: =IF(H57="","",(H57-B57)*24) -> 32.400833 | L57: =IF(OR(G57="",K57=""),"Cannot check",IF(G57>K57*60,"Review","OK")) -> OK | M57: =COUNTIF($A$2:$A$4001,A57) -> 1 | N57: =IF(OR(L57="Review",G57=""),"",G57) -> 44 | O57: =IF(OR(L57="Review",K57=""),"",K57) -> 32.400833
A58: TK62935 | B58: 44930.549 | C58: email | D58: billing | E58: urgent | F58: Issue with the dashboard loading slowly | G58: 6 | H58: 44930.596 | I58: FALSE | K58: =IF(H58="","",(H58-B58)*24) -> 1.1266667 | L58: =IF(OR(G58="",K58=""),"Cannot check",IF(G58>K58*60,"Review","OK")) -> OK | M58: =COUNTIF($A$2:$A$4001,A58) -> 1 | N58: =IF(OR(L58="Review",G58=""),"",G58) -> 6 | O58: =IF(OR(L58="Review",K58=""),"",K58) -> 1.1266667
A59: TK60223 | B59: 44930.649 | C59: email | D59: billing | E59: normal | F59: Error when the dashboard loading slowly | G59: 31 | H59: 44931.707 | I59: FALSE | K59: =IF(H59="","",(H59-B59)*24) -> 25.405833 | L59: =IF(OR(G59="",K59=""),"Cannot check",IF(G59>K59*60,"Review","OK")) -> OK | M59: =COUNTIF($A$2:$A$4001,A59) -> 1 | N59: =IF(OR(L59="Review",G59=""),"",G59) -> 31 | O59: =IF(OR(L59="Review",K59=""),"",K59) -> 25.405833
A60: TK61012 | B60: 44930.697 | C60: in-app | D60: account | E60: low | F60: Request to the API rate limit | G60: 169 | H60: 44930.876 | I60: TRUE | K60: =IF(H60="","",(H60-B60)*24) -> 4.2847222 | L60: =IF(OR(G60="",K60=""),"Cannot check",IF(G60>K60*60,"Review","OK")) -> OK | M60: =COUNTIF($A$2:$A$4001,A60) -> 1 | N60: =IF(OR(L60="Review",G60=""),"",G60) -> 169 | O60: =IF(OR(L60="Review",K60=""),"",K60) -> 4.2847222
A61: TK61454 | B61: 44930.697 | C61: chat | D61: technical | E61: normal | F61: How do I webhook deliveries failing | G61: 259 | H61: 44936.441 | I61: FALSE | K61: =IF(H61="","",(H61-B61)*24) -> 137.84861 | L61: =IF(OR(G61="",K61=""),"Cannot check",IF(G61>K61*60,"Review","OK")) -> OK | M61: =COUNTIF($A$2:$A$4001,A61) -> 1 | N61: =IF(OR(L61="Review",G61=""),"",G61) -> 259 | O61: =IF(OR(L61="Review",K61=""),"",K61) -> 137.84861
A62: TK63917 | B62: 44930.731 | C62: email | D62: technical | E62: low | F62: Cannot downgrade my plan | G62: 934 | H62: 44933 | I62: FALSE | K62: =IF(H62="","",(H62-B62)*24) -> 54.471111 | L62: =IF(OR(G62="",K62=""),"Cannot check",IF(G62>K62*60,"Review","OK")) -> OK | M62: =COUNTIF($A$2:$A$4001,A62) -> 1 | N62: =IF(OR(L62="Review",G62=""),"",G62) -> 934 | O62: =IF(OR(L62="Review",K62=""),"",K62) -> 54.471111
A63: TK63216 | B63: 44930.85 | C63: phone | D63: billing | E63: normal | F63: Cannot export my data | G63: 36 | H63: 44931.3 | I63: FALSE | J63: 4 | K63: =IF(H63="","",(H63-B63)*24) -> 10.795833 | L63: =IF(OR(G63="",K63=""),"Cannot check",IF(G63>K63*60,"Review","OK")) -> OK | M63: =COUNTIF($A$2:$A$4001,A63) -> 1 | N63: =IF(OR(L63="Review",G63=""),"",G63) -> 36 | O63: =IF(OR(L63="Review",K63=""),"",K63) -> 10.795833
A64: TK61668 | B64: 44930.993 | C64: chat | D64: account | E64: low | F64: Error when add a teammate | G64: 708 | H64: 44932.463 | I64: FALSE | J64: 5 | K64: =IF(H64="","",(H64-B64)*24) -> 35.275833 | L64: =IF(OR(G64="",K64=""),"Cannot check",IF(G64>K64*60,"Review","OK")) -> OK | M64: =COUNTIF($A$2:$A$4001,A64) -> 1 | N64: =IF(OR(L64="Review",G64=""),"",G64) -> 708 | O64: =IF(OR(L64="Review",K64=""),"",K64) -> 35.275833
A65: TK62469 | B65: 44931.006 | C65: in-app | D65: technical | E65: high | F65: Cannot downgrade my plan | G65: 20 | H65: 44935.33 | I65: FALSE | K65: =IF(H65="","",(H65-B65)*24) -> 103.77222 | L65: =IF(OR(G65="",K65=""),"Cannot check",IF(G65>K65*60,"Review","OK")) -> OK | M65: =COUNTIF($A$2:$A$4001,A65) -> 1 | N65: =IF(OR(L65="Review",G65=""),"",G65) -> 20 | O65: =IF(OR(L65="Review",K65=""),"",K65) -> 103.77222
A66: TK63761 | B66: 44931.054 | C66: email | D66: onboarding | E66: urgent | F66: Cannot connecting the Snowflake sync | G66: 33 | H66: 44931.174 | I66: FALSE | J66: 4 | K66: =IF(H66="","",(H66-B66)*24) -> 2.8702778 | L66: =IF(OR(G66="",K66=""),"Cannot check",IF(G66>K66*60,"Review","OK")) -> OK | M66: =COUNTIF($A$2:$A$4001,A66) -> 1 | N66: =IF(OR(L66="Review",G66=""),"",G66) -> 33 | O66: =IF(OR(L66="Review",K66=""),"",K66) -> 2.8702778
A67: TK63779 | B67: 44931.367 | C67: phone | D67: billing | E67: low | F67: Issue with downgrade my plan | G67: 156 | H67: 44935.902 | I67: FALSE | J67: 5 | K67: =IF(H67="","",(H67-B67)*24) -> 108.84111 | L67: =IF(OR(G67="",K67=""),"Cannot check",IF(G67>K67*60,"Review","OK")) -> OK | M67: =COUNTIF($A$2:$A$4001,A67) -> 1 | N67: =IF(OR(L67="Review",G67=""),"",G67) -> 156 | O67: =IF(OR(L67="Review",K67=""),"",K67) -> 108.84111
A68: TK61447 | B68: 44931.378 | C68: in-app | D68: billing | E68: normal | F68: Issue with the API rate limit | G68: 104 | I68: FALSE | K68: =IF(H68="","",(H68-B68)*24) | L68: =IF(OR(G68="",K68=""),"Cannot check",IF(G68>K68*60,"Review","OK")) -> Cannot check | M68: =COUNTIF($A$2:$A$4001,A68) -> 1 | N68: =IF(OR(L68="Review",G68=""),"",G68) -> 104 | O68: =IF(OR(L68="Review",K68=""),"",K68)
A69: TK60026 | B69: 44931.443 | C69: email | D69: account | E69: high | F69: Unable to export my data | G69: 32 | H69: 44932.355 | I69: FALSE | J69: 5 | K69: =IF(H69="","",(H69-B69)*24) -> 21.898611 | L69: =IF(OR(G69="",K69=""),"Cannot check",IF(G69>K69*60,"Review","OK")) -> OK | M69: =COUNTIF($A$2:$A$4001,A69) -> 1 | N69: =IF(OR(L69="Review",G69=""),"",G69) -> 32 | O69: =IF(OR(L69="Review",K69=""),"",K69) -> 21.898611
A70: TK63164 | B70: 44931.508 | C70: email | D70: billing | E70: normal | F70: Unable to two-factor authentication | G70: 34 | H70: 44932.413 | I70: FALSE | J70: 4 | K70: =IF(H70="","",(H70-B70)*24) -> 21.717778 | L70: =IF(OR(G70="",K70=""),"Cannot check",IF(G70>K70*60,"Review","OK")) -> OK | M70: =COUNTIF($A$2:$A$4001,A70) -> 1 | N70: =IF(OR(L70="Review",G70=""),"",G70) -> 34 | O70: =IF(OR(L70="Review",K70=""),"",K70) -> 21.717778
A71: TK62482 | B71: 44931.549 | C71: chat | D71: billing | E71: normal | F71: Cannot the API rate limit | G71: 92 | H71: 44937.91 | I71: FALSE | K71: =IF(H71="","",(H71-B71)*24) -> 152.66333 | L71: =IF(OR(G71="",K71=""),"Cannot check",IF(G71>K71*60,"Review","OK")) -> OK | M71: =COUNTIF($A$2:$A$4001,A71) -> 1 | N71: =IF(OR(L71="Review",G71=""),"",G71) -> 92 | O71: =IF(OR(L71="Review",K71=""),"",K71) -> 152.66333
A72: TK61086 | B72: 44931.608 | C72: phone | D72: technical | E72: low | F72: Unable to downgrade my plan | G72: 387 | H72: 44941.597 | I72: FALSE | K72: =IF(H72="","",(H72-B72)*24) -> 239.75278 | L72: =IF(OR(G72="",K72=""),"Cannot check",IF(G72>K72*60,"Review","OK")) -> OK | M72: =COUNTIF($A$2:$A$4001,A72) -> 1 | N72: =IF(OR(L72="Review",G72=""),"",G72) -> 387 | O72: =IF(OR(L72="Review",K72=""),"",K72) -> 239.75278
A73: TK63190 | B73: 44931.635 | C73: chat | D73: account | E73: urgent | F73: Cannot a duplicate charge | G73: 18 | H73: 44932.21 | I73: FALSE | K73: =IF(H73="","",(H73-B73)*24) -> 13.781944 | L73: =IF(OR(G73="",K73=""),"Cannot check",IF(G73>K73*60,"Review","OK")) -> OK | M73: =COUNTIF($A$2:$A$4001,A73) -> 1 | N73: =IF(OR(L73="Review",G73=""),"",G73) -> 18 | O73: =IF(OR(L73="Review",K73=""),"",K73) -> 13.781944
A74: TK62492 | B74: 44931.789 | C74: email | D74: technical | E74: high | F74: Cannot add a teammate | G74: 58 | H74: 44932.751 | I74: FALSE | K74: =IF(H74="","",(H74-B74)*24) -> 23.101667 | L74: =IF(OR(G74="",K74=""),"Cannot check",IF(G74>K74*60,"Review","OK")) -> OK | M74: =COUNTIF($A$2:$A$4001,A74) -> 1 | N74: =IF(OR(L74="Review",G74=""),"",G74) -> 58 | O74: =IF(OR(L74="Review",K74=""),"",K74) -> 23.101667
A75: TK63863 | B75: 44931.902 | C75: in-app | D75: billing | E75: normal | F75: How do I the API rate limit | G75: 45 | H75: 44932.075 | I75: FALSE | K75: =IF(H75="","",(H75-B75)*24) -> 4.1536111 | L75: =IF(OR(G75="",K75=""),"Cannot check",IF(G75>K75*60,"Review","OK")) -> OK | M75: =COUNTIF($A$2:$A$4001,A75) -> 1 | N75: =IF(OR(L75="Review",G75=""),"",G75) -> 45 | O75: =IF(OR(L75="Review",K75=""),"",K75) -> 4.1536111
A76: TK60554 | B76: 44931.931 | C76: email | D76: billing | E76: urgent | F76: Request to export my data | G76: 38 | H76: 44932.061 | I76: FALSE | K76: =IF(H76="","",(H76-B76)*24) -> 3.1219444 | L76: =IF(OR(G76="",K76=""),"Cannot check",IF(G76>K76*60,"Review","OK")) -> OK | M76: =COUNTIF($A$2:$A$4001,A76) -> 1 | N76: =IF(OR(L76="Review",G76=""),"",G76) -> 38 | O76: =IF(OR(L76="Review",K76=""),"",K76) -> 3.1219444
A77: TK60414 | B77: 44931.96 | C77: in-app | D77: account | E77: normal | F77: Cannot connecting the Snowflake sync | G77: 195 | H77: 44932.749 | I77: FALSE | K77: =IF(H77="","",(H77-B77)*24) -> 18.948056 | L77: =IF(OR(G77="",K77=""),"Cannot check",IF(G77>K77*60,"Review","OK")) -> OK | M77: =COUNTIF($A$2:$A$4001,A77) -> 1 | N77: =IF(OR(L77="Review",G77=""),"",G77) -> 195 | O77: =IF(OR(L77="Review",K77=""),"",K77) -> 18.948056
A78: TK62317 | B78: 44932.183 | C78: chat | D78: account | E78: normal | F78: Cannot two-factor authentication | G78: 85 | H78: 44932.649 | I78: FALSE | K78: =IF(H78="","",(H78-B78)*24) -> 11.193333 | L78: =IF(OR(G78="",K78=""),"Cannot check",IF(G78>K78*60,"Review","OK")) -> OK | M78: =COUNTIF($A$2:$A$4001,A78) -> 1 | N78: =IF(OR(L78="Review",G78=""),"",G78) -> 85 | O78: =IF(OR(L78="Review",K78=""),"",K78) -> 11.193333
A79: TK63954 | B79: 44932.315 | C79: email | D79: onboarding | E79: normal | F79: Cannot connecting the Snowflake sync | G79: 247 | H79: 44934.278 | I79: FALSE | K79: =IF(H79="","",(H79-B79)*24) -> 47.113889 | L79: =IF(OR(G79="",K79=""),"Cannot check",IF(G79>K79*60,"Review","OK")) -> OK | M79: =COUNTIF($A$2:$A$4001,A79) -> 1 | N79: =IF(OR(L79="Review",G79=""),"",G79) -> 247 | O79: =IF(OR(L79="Review",K79=""),"",K79) -> 47.113889
A80: TK63371 | B80: 44932.47 | C80: chat | D80: technical | E80: normal | F80: Unable to two-factor authentication | G80: 50 | H80: 44938.431 | I80: TRUE | J80: 5 | K80: =IF(H80="","",(H80-B80)*24) -> 143.05083 | L80: =IF(OR(G80="",K80=""),"Cannot check",IF(G80>K80*60,"Review","OK")) -> OK | M80: =COUNTIF($A$2:$A$4001,A80) -> 1 | N80: =IF(OR(L80="Review",G80=""),"",G80) -> 50 | O80: =IF(OR(L80="Review",K80=""),"",K80) -> 143.05083
A81: TK62454 | B81: 44932.656 | C81: phone | D81: billing | E81: normal | F81: How do I the API rate limit | H81: 44932.769 | I81: FALSE | K81: =IF(H81="","",(H81-B81)*24) -> 2.7119444 | L81: =IF(OR(G81="",K81=""),"Cannot check",IF(G81>K81*60,"Review","OK")) -> Cannot check | M81: =COUNTIF($A$2:$A$4001,A81) -> 1 | N81: =IF(OR(L81="Review",G81=""),"",G81) | O81: =IF(OR(L81="Review",K81=""),"",K81) -> 2.7119444
A82: TK61288 | B82: 44932.881 | C82: email | D82: integrations | E82: low | F82: Question about the dashboard loading slowly | G82: 186 | H82: 44945.397 | I82: FALSE | K82: =IF(H82="","",(H82-B82)*24) -> 300.39861 | L82: =IF(OR(G82="",K82=""),"Cannot check",IF(G82>K82*60,"Review","OK")) -> OK | M82: =COUNTIF($A$2:$A$4001,A82) -> 1 | N82: =IF(OR(L82="Review",G82=""),"",G82) -> 186 | O82: =IF(OR(L82="Review",K82=""),"",K82) -> 300.39861
A83: TK63806 | B83: 44932.93 | C83: email | D83: account | E83: normal | F83: Issue with webhook deliveries failing | G83: 182 | H83: 44933.651 | I83: FALSE | K83: =IF(H83="","",(H83-B83)*24) -> 17.306389 | L83: =IF(OR(G83="",K83=""),"Cannot check",IF(G83>K83*60,"Review","OK")) -> OK | M83: =COUNTIF($A$2:$A$4001,A83) -> 1 | N83: =IF(OR(L83="Review",G83=""),"",G83) -> 182 | O83: =IF(OR(L83="Review",K83=""),"",K83) -> 17.306389
A84: TK63739 | B84: 44932.932 | C84: in-app | D84: technical | E84: normal | F84: Request to webhook deliveries failing | G84: 106 | H84: 44933.554 | I84: FALSE | J84: 5 | K84: =IF(H84="","",(H84-B84)*24) -> 14.929167 | L84: =IF(OR(G84="",K84=""),"Cannot check",IF(G84>K84*60,"Review","OK")) -> OK | M84: =COUNTIF($A$2:$A$4001,A84) -> 1 | N84: =IF(OR(L84="Review",G84=""),"",G84) -> 106 | O84: =IF(OR(L84="Review",K84=""),"",K84) -> 14.929167
A85: TK60083 | B85: 44933.007 | C85: email | D85: onboarding | E85: low | F85: How do I the dashboard loading slowly | G85: 166 | H85: 44933.657 | I85: FALSE | K85: =IF(H85="","",(H85-B85)*24) -> 15.611944 | L85: =IF(OR(G85="",K85=""),"Cannot check",IF(G85>K85*60,"Review","OK")) -> OK | M85: =COUNTIF($A$2:$A$4001,A85) -> 1 | N85: =IF(OR(L85="Review",G85=""),"",G85) -> 166 | O85: =IF(OR(L85="Review",K85=""),"",K85) -> 15.611944
A86: TK63163 | B86: 44933.274 | C86: email | D86: onboarding | E86: normal | F86: Error when log in after password reset | G86: 151 | H86: 44934.043 | I86: FALSE | J86: 3 | K86: =IF(H86="","",(H86-B86)*24) -> 18.461667 | L86: =IF(OR(G86="",K86=""),"Cannot check",IF(G86>K86*60,"Review","OK")) -> OK | M86: =COUNTIF($A$2:$A$4001,A86) -> 1 | N86: =IF(OR(L86="Review",G86=""),"",G86) -> 151 | O86: =IF(OR(L86="Review",K86=""),"",K86) -> 18.461667
A87: TK60587 | B87: 44933.297 | C87: chat | D87: account | E87: normal | F87: Cannot the invoice for last month | G87: 157 | H87: 44933.606 | I87: FALSE | K87: =IF(H87="","",(H87-B87)*24) -> 7.4191667 | L87: =IF(OR(G87="",K87=""),"Cannot check",IF(G87>K87*60,"Review","OK")) -> OK | M87: =COUNTIF($A$2:$A$4001,A87) -> 1 | N87: =IF(OR(L87="Review",G87=""),"",G87) -> 157 | O87: =IF(OR(L87="Review",K87=""),"",K87) -> 7.4191667
A88: TK61744 | B88: 44933.54 | C88: email | D88: billing | E88: low | F88: Issue with two-factor authentication | G88: 269 | H88: 44936.592 | I88: TRUE | J88: 5 | K88: =IF(H88="","",(H88-B88)*24) -> 73.255 | L88: =IF(OR(G88="",K88=""),"Cannot check",IF(G88>K88*60,"Review","OK")) -> OK | M88: =COUNTIF($A$2:$A$4001,A88) -> 1 | N88: =IF(OR(L88="Review",G88=""),"",G88) -> 269 | O88: =IF(OR(L88="Review",K88=""),"",K88) -> 73.255
A89: TK60461 | B89: 44933.549 | C89: chat | D89: technical | E89: high | F89: How do I downgrade my plan | G89: 21 | H89: 44933.752 | I89: FALSE | K89: =IF(H89="","",(H89-B89)*24) -> 4.8761111 | L89: =IF(OR(G89="",K89=""),"Cannot check",IF(G89>K89*60,"Review","OK")) -> OK | M89: =COUNTIF($A$2:$A$4001,A89) -> 1 | N89: =IF(OR(L89="Review",G89=""),"",G89) -> 21 | O89: =IF(OR(L89="Review",K89=""),"",K89) -> 4.8761111
A90: TK61884 | B90: 44933.708 | C90: email | D90: technical | E90: high | F90: Unable to the invoice for last month | G90: 15 | H90: 44933.996 | I90: FALSE | K90: =IF(H90="","",(H90-B90)*24) -> 6.9133333 | L90: =IF(OR(G90="",K90=""),"Cannot check",IF(G90>K90*60,"Review","OK")) -> OK | M90: =COUNTIF($A$2:$A$4001,A90) -> 1 | N90: =IF(OR(L90="Review",G90=""),"",G90) -> 15 | O90: =IF(OR(L90="Review",K90=""),"",K90) -> 6.9133333
A91: TK60789 | B91: 44933.792 | C91: chat | D91: technical | E91: high | F91: Unable to log in after password reset | G91: 18 | H91: 44935.083 | I91: FALSE | J91: 4 | K91: =IF(H91="","",(H91-B91)*24) -> 31.002778 | L91: =IF(OR(G91="",K91=""),"Cannot check",IF(G91>K91*60,"Review","OK")) -> OK | M91: =COUNTIF($A$2:$A$4001,A91) -> 1 | N91: =IF(OR(L91="Review",G91=""),"",G91) -> 18 | O91: =IF(OR(L91="Review",K91=""),"",K91) -> 31.002778
A92: TK63894 | B92: 44933.974 | C92: in-app | D92: integrations | E92: urgent | F92: Cannot add a teammate | G92: 4 | H92: 44935.366 | I92: FALSE | K92: =IF(H92="","",(H92-B92)*24) -> 33.415556 | L92: =IF(OR(G92="",K92=""),"Cannot check",IF(G92>K92*60,"Review","OK")) -> OK | M92: =COUNTIF($A$2:$A$4001,A92) -> 1 | N92: =IF(OR(L92="Review",G92=""),"",G92) -> 4 | O92: =IF(OR(L92="Review",K92=""),"",K92) -> 33.415556
A93: TK63429 | B93: 44934.039 | C93: chat | D93: account | E93: high | F93: How do I a duplicate charge | G93: 37 | H93: 44934.309 | I93: FALSE | K93: =IF(H93="","",(H93-B93)*24) -> 6.4836111 | L93: =IF(OR(G93="",K93=""),"Cannot check",IF(G93>K93*60,"Review","OK")) -> OK | M93: =COUNTIF($A$2:$A$4001,A93) -> 1 | N93: =IF(OR(L93="Review",G93=""),"",G93) -> 37 | O93: =IF(OR(L93="Review",K93=""),"",K93) -> 6.4836111
A94: TK62322 | B94: 44934.19 | C94: chat | D94: onboarding | E94: low | F94: How do I connecting the Snowflake sync | G94: 369 | H94: 44934.98 | I94: FALSE | J94: 5 | K94: =IF(H94="","",(H94-B94)*24) -> 18.979444 | L94: =IF(OR(G94="",K94=""),"Cannot check",IF(G94>K94*60,"Review","OK")) -> OK | M94: =COUNTIF($A$2:$A$4001,A94) -> 1 | N94: =IF(OR(L94="Review",G94=""),"",G94) -> 369 | O94: =IF(OR(L94="Review",K94=""),"",K94) -> 18.979444
A95: TK63532 | B95: 44934.349 | C95: in-app | D95: billing | E95: urgent | F95: How do I webhook deliveries failing | G95: 21 | H95: 44934.451 | I95: FALSE | K95: =IF(H95="","",(H95-B95)*24) -> 2.4394444 | L95: =IF(OR(G95="",K95=""),"Cannot check",IF(G95>K95*60,"Review","OK")) -> OK | M95: =COUNTIF($A$2:$A$4001,A95) -> 1 | N95: =IF(OR(L95="Review",G95=""),"",G95) -> 21 | O95: =IF(OR(L95="Review",K95=""),"",K95) -> 2.4394444
A96: TK63617 | B96: 44934.363 | C96: in-app | D96: onboarding | E96: normal | F96: Question about the invoice for last month | G96: 81 | H96: 44943.987 | I96: FALSE | K96: =IF(H96="","",(H96-B96)*24) -> 230.98278 | L96: =IF(OR(G96="",K96=""),"Cannot check",IF(G96>K96*60,"Review","OK")) -> OK | M96: =COUNTIF($A$2:$A$4001,A96) -> 1 | N96: =IF(OR(L96="Review",G96=""),"",G96) -> 81 | O96: =IF(OR(L96="Review",K96=""),"",K96) -> 230.98278
A97: TK61205 | B97: 44934.478 | C97: email | D97: billing | E97: low | F97: How do I the dashboard loading slowly | G97: 155 | H97: 44941.727 | I97: FALSE | K97: =IF(H97="","",(H97-B97)*24) -> 173.97778 | L97: =IF(OR(G97="",K97=""),"Cannot check",IF(G97>K97*60,"Review","OK")) -> OK | M97: =COUNTIF($A$2:$A$4001,A97) -> 1 | N97: =IF(OR(L97="Review",G97=""),"",G97) -> 155 | O97: =IF(OR(L97="Review",K97=""),"",K97) -> 173.97778
A98: TK60646 | B98: 44934.581 | C98: chat | D98: account | E98: high | F98: How do I export my data | G98: 188 | H98: 44937.119 | I98: FALSE | J98: 5 | K98: =IF(H98="","",(H98-B98)*24) -> 60.928056 | L98: =IF(OR(G98="",K98=""),"Cannot check",IF(G98>K98*60,"Review","OK")) -> OK | M98: =COUNTIF($A$2:$A$4001,A98) -> 1 | N98: =IF(OR(L98="Review",G98=""),"",G98) -> 188 | O98: =IF(OR(L98="Review",K98=""),"",K98) -> 60.928056
A99: TK61848 | B99: 44934.609 | C99: email | D99: account | E99: high | F99: Issue with a refund for an annual plan | G99: 170 | H99: 44936.246 | I99: FALSE | K99: =IF(H99="","",(H99-B99)*24) -> 39.277222 | L99: =IF(OR(G99="",K99=""),"Cannot check",IF(G99>K99*60,"Review","OK")) -> OK | M99: =COUNTIF($A$2:$A$4001,A99) -> 1 | N99: =IF(OR(L99="Review",G99=""),"",G99) -> 170 | O99: =IF(OR(L99="Review",K99=""),"",K99) -> 39.277222
A100: TK60669 | B100: 44934.678 | C100: in-app | D100: billing | E100: urgent | F100: Question about two-factor authentication | G100: 41 | H100: 44934.712 | I100: FALSE | K100: =IF(H100="","",(H100-B100)*24) -> 0.81277778 | L100: =IF(OR(G100="",K100=""),"Cannot check",IF(G100>K100*60,"Review","OK")) -> OK | M100: =COUNTIF($A$2:$A$4001,A100) -> 1 | N100: =IF(OR(L100="Review",G100=""),"",G100) -> 41 | O100: =IF(OR(L100="Review",K100=""),"",K100) -> 0.81277778
...

Sheet Queue_Summary
A3: Row Labels | B3: Count of ticket_id | C3: Count of ticket_id2
A4: technical | B4: 1282 | C4: 0.3205
A5: billing | B5: 960 | C5: 0.24
A6: account | B6: 647 | C6: 0.16175
A7: onboarding | B7: 586 | C7: 0.1465
A8: integrations | B8: 525 | C8: 0.13125
A9: Grand Total | B9: 4000 | C9: 1
A8005: =SUM(A3:A8005) -> 0

Sheet Cleaning_Notes
A1: Issue | B1: Decision
A2: 149 = missing first-response times | B2: Keep blank; exclude from average first-response time.
A3: 225 = missing resolution timestamps | B3: Keep blank; exclude from average resolution time.
A4: 2,774 = missing satisfaction scores | B4: Keep blank; calculate average CSAT using recorded scores only.
A5: 143 = timing inconsistencies | B5: Keep records flagged for review; do notPreserved original values. Excluded 143 conflicting tickets from timing metrics using the analysis columns. Retained them for ticket counts. Correct times remain unknown. alter durations without evidence.
A7: Cell | B7: Enter
A8: A8 | B8: Initial findings
A9: A9 | B9: Technical has the largest ticket volume: 1,282 tickets (32.05%).
A10: A10 | B10: Technical and billing together account for 56.05% of tickets.
A11: A11 | B11: Only 1,226 of 4,000 tickets have CSAT scores (30.65%); satisfaction findings represent rated tickets.
A12: A12 | B12: Ticket volume alone does not show which queue performs poorly; response and resolution times need analysis.

Sheet Charts
A1: Queue | B1: Ticket count
A2: technical | B2: 1282
A3: billing | B3: 960
A4: account | B4: 647
A5: onboarding | B5: 586
A6: integrations | B6: 525
